{"cameraMode":{"drawMode":0,"name":"Shaded","section":"Shading Mode"},"sceneLighting":true,"audioPlay":false,"sceneViewState":{"showFog":true,"showMaterialUpdate":false,"showSkybox":true,"showFlares":true,"showImageEffects":true,"showParticleSystems":true},"in2DMode":false,"pivot":{"x":7.37600040435791,"y":-4.199999809265137,"z":-4.550000190734863},"rotation":{"x":0.0023970219772309067,"y":-0.023997830227017404,"z":0.0000625673055765219,"w":0.9997208714485169},"size":19.836753845214845,"orthographic":true}